{"cameraMode":{"drawMode":0,"name":"Shaded","section":"Shading Mode"},"sceneLighting":true,"audioPlay":false,"sceneViewState":{"m_AlwaysRefresh":false,"showFog":true,"showSkybox":true,"showFlares":true,"showImageEffects":true,"showParticleSystems":true,"showVisualEffectGraphs":true,"m_FxEnabled":true},"in2DMode":false,"pivot":{"x":-11.40960693359375,"y":93.174072265625,"z":-61.82574462890625},"rotation":{"x":-0.15209779143333436,"y":0.0044448659755289558,"z":0.0006937772268429399,"w":0.9883644580841065},"size":175.0995330810547,"orthographic":false}