{"cameraMode":{"drawMode":0,"name":"Shaded","section":"Shading Mode"},"sceneLighting":true,"audioPlay":false,"sceneViewState":{"m_AlwaysRefresh":false,"showFog":true,"showSkybox":true,"showFlares":true,"showImageEffects":true,"showParticleSystems":true,"showVisualEffectGraphs":true,"m_FxEnabled":true},"in2DMode":false,"pivot":{"x":84.14625549316406,"y":8.631035804748536,"z":-60.057865142822269},"rotation":{"x":-0.005421568639576435,"y":0.9564149975776672,"z":0.01779205910861492,"w":0.2914544939994812},"size":48.842628479003909,"orthographic":false}