{"cameraMode":{"drawMode":0,"name":"Shaded","section":"Shading Mode"},"sceneLighting":true,"audioPlay":false,"sceneViewState":{"m_AlwaysRefresh":false,"showFog":true,"showSkybox":true,"showFlares":true,"showImageEffects":true,"showParticleSystems":true,"showVisualEffectGraphs":true,"m_FxEnabled":true},"in2DMode":false,"pivot":{"x":172.59527587890626,"y":0.8422317504882813,"z":-14.988292694091797},"rotation":{"x":0.0861092209815979,"y":0.522980272769928,"z":-0.05322014540433884,"w":0.8463369011878967},"size":47.492252349853519,"orthographic":false}