{"cameraMode":{"drawMode":0,"name":"Shaded","section":"Shading Mode"},"sceneLighting":false,"audioPlay":false,"sceneViewState":{"m_AlwaysRefresh":false,"showFog":true,"showSkybox":false,"showFlares":true,"showImageEffects":true,"showParticleSystems":true,"showVisualEffectGraphs":true,"m_FxEnabled":true},"in2DMode":false,"pivot":{"x":31.65799903869629,"y":0.7500002384185791,"z":-0.6849994659423828},"rotation":{"x":0.6456927061080933,"y":0.03660750016570091,"z":-0.031018763780593873,"w":0.7620962262153626},"size":31.748428344726564,"orthographic":false}